Year,CB5 Total,CB5 Resolved,CB5 Denied,CB5 Denial Rate (%),CW Total,CW Resolved,CW Denied,CW Denial Rate (%),Source Dataset
2020,65,64,61,95.3125,1817,1792,1505,83.984375,Signal Studies [w76s-c5u4]
2021,64,64,50,78.125,2703,2672,2136,79.94011976047905,Signal Studies [w76s-c5u4]
2022,106,106,94,88.67924528301887,2963,2932,2446,83.42428376534788,Signal Studies [w76s-c5u4]
2023,82,82,76,92.6829268292683,3193,3131,2871,91.69594378792718,Signal Studies [w76s-c5u4]
2024,74,73,66,90.41095890410958,3149,3055,2885,94.43535188216039,Signal Studies [w76s-c5u4]
2025,43,43,43,100.0,2245,2170,2077,95.71428571428572,Signal Studies [w76s-c5u4]
