Year,CB5 Total,CB5 Denied,CB5 Denial Rate (%),CW Total,CW Denied,CW Denial Rate (%)
2020,66,63,95.45454545454545,1792,1505,83.984375
2021,64,50,78.125,2672,2136,79.94011976047905
2022,112,99,88.39285714285714,2932,2446,83.42428376534788
2023,83,77,92.7710843373494,3131,2871,91.69594378792718
2024,74,67,90.54054054054053,3055,2885,94.43535188216039
2025,43,43,100.0,2170,2077,95.71428571428572
