Year,CB5 Total,CB5 Denied,CB5 Denial Rate (%),CW Total,CW Denied,CW Denial Rate (%),Source Dataset
2020.0,38,37,97.36842105263158,1876,1743,92.91044776119402,Speed Reducer Tracking System [9n6h-pt9g]
2021.0,47,47,100.0,2439,2288,93.80893808938089,Speed Reducer Tracking System [9n6h-pt9g]
2022.0,65,63,96.92307692307692,2200,2065,93.86363636363636,Speed Reducer Tracking System [9n6h-pt9g]
2023.0,85,84,98.82352941176471,3808,3636,95.48319327731093,Speed Reducer Tracking System [9n6h-pt9g]
2024.0,112,111,99.10714285714286,2772,2618,94.44444444444444,Speed Reducer Tracking System [9n6h-pt9g]
2025.0,84,83,98.80952380952381,2239,2142,95.6677087985708,Speed Reducer Tracking System [9n6h-pt9g]
